name;mass;radius;orbital_period;semi_major_axis;star_distance;star_teff;star_radius;temp_calculated;mag_v;mag_j;mag_k;scale_factor;tsm;esm;albedo;molecules
2M 0103-55 (AB) b;4.22;9.7604677202041;8.27095205;0.09614;47.2;5702.228571428572;1.152609202947846;1540.126812869267;10.17403881278539;7.5;8.350957978986402;1.15;3343.223394303798;4920.829656780736;0.0446005509641873;"{H"":""Detection""}"""
2M0437 b;4.0;4.8793589717681;8.27095205;0.09614;128.1;3100.0;0.84;1450.0;15.7;11.298;10.386;1.15;1668.9209;4695.6494;0.0446005509641873;"{CO"":""Detection"",""CH4"":""Detection"",""H2O"":""Detection""}"""
51 Eri b;4.1;1.11;8.27095205;0.09614;29.4;5702.228571428572;1.152609202947846;700.0;5.223;4.744;4.537;1.15;3343.223394303798;4920.829656780736;0.0446005509641873;"{Molecular ratios: C/O, etc..."":""Detection""}"""
51 Peg b;0.47;1.9;4.2308;0.052;15.4614;5758.0;1.176;1320.4048309838;5.49;4.66;3.91;1.15;8284.2543;2805.6449;0.0;"[]; {CO"":""Detection"",""H2O"":""Detection""}""; {H2O"":""Detection""}"""
55 Cnc b;0.84;1.9483556604302;8.27095205;0.09614;12.34;5196.0;0.98;736.59413684135;5.95;4.768;4.015;1.15;3820.3183;1298.2397;0.0;"{H"":""Detection""}"""
55 Cnc e;0.02703;0.1737;0.7365478;0.015439;12.34;5196.0;0.98;1996.209194777;5.95;4.768;4.015;1.26;249.7917;71.5094;0.0446005509641873;"{Molecular ratios: C\/O, etc..."":""Detection""}""; {H"":""Theoretical prediction"",""He"":""Theoretical prediction"",""HCN"":""Theoretical prediction""}""; []; {He"":""Upper limit""}""; {Fe"":""Upper limit"",""Fe+"":""Upper limit"",""K"":""Upper limit"",""Mg"":""Upper limit"",""Ca"":""Upper limit"",""Ca+"":""Upper limit""}""; {Fe"":""Upper limit""}""; {He"":""No detection""}""; {Na"":""Upper limit"",""H"":""Upper limit""}"""
AB Pic b;4.22;1.75;8.27095205;0.09614;47.3;5285.0;1.152609202947846;1700.0;9.16;7.576;6.981;1.15;3343.223394303798;4920.829656780736;0.0446005509641873;"{H2O"":""Detection"",""CO"":""Detection"",""Isotopic fractions"":""Detection"",""Molecular ratios: C\/O, etc..."":""Detection""}"""
AU Mic b;0.028;0.4273;8.27095205;0.07;9.79;3700.0;0.75;569.5;8.6;5.436;4.529;1.15;1173.3021;60.7676;0.0446005509641873;"{H"":""No detection""}""; {He"":""Upper limit""}""; {C+"":""Upper limit"",""Si+"":""Upper limit""}""; {H"":""Upper limit""}"""
CI Tau b;4.22;9.1277049326556;8.27095205;0.09614;158.0;5702.228571428572;1.152609202947846;1540.126812869267;13.0;9.48;7.793;1.15;3343.223394303798;4920.829656780736;0.0446005509641873;"{CO"":""Detection""}"""
CoRoT-1 b;1.03;1.49;1.50896848;0.0254;460.0;6298.0;1.11;1898.0;13.6;12.462;12.149;1.15;80.9412;71.5519;0.0446005509641873;"{Rayleigh Scattering"":""Detection""}""; {Featureless spectra"":""Detection""}""; {H2O"":""Detection"",""VO"":""Detection"",""H-"":""Detection""}"""
CoRoT-2 b;3.31;1.465;1.7429964;0.0281;300.0;5575.0;0.902;1523.1000611638;12.57;10.783;10.31;1.15;63.0374;198.1424;0.0446005509641873;[]
DS Tuc A b;0.0453;0.5085;8.138268;0.0795;44.12;5597.0;0.872;850.0;9.0;7.122;6.676;1.15;620.8099;42.8198;0.0446005509641873;"{H"":""No detection""}"""
GJ 1132 b;0.00522;0.1035;1.628931;0.0154;12.04;3270.0;0.207;580.0;13.5;9.245;8.322;0.19;34.1894;10.1573;0.0;"{HCN"":""Detection"",""CH4"":""Upper limit""}""; {HCN"":""No detection""}""; []"
GJ 1214 b;0.02571;0.24463;1.580404497;0.01411;13.0;3026.0;0.216;567.0;14.71;9.75;8.782;1.26;432.4873;43.5007;0.0446005509641873;"{CO2"":""Upper limit"",""Featureless spectra"":""Detection""}""; {He"":""No detection""}""; {He"":""Upper limit""}""; {H"":""Upper limit""}""; {He"":""Detection""}""; {Featureless spectra"":""Detection""}""; {CO2"":""Upper limit"",""CH4"":""Upper limit""}"""
GJ 1252 b;0.00415;0.1053;0.5182349;0.00916;20.38;3458.0;0.391;997.0;12.0;8.697;7.915;0.19;28.0823;13.3663;0.0446005509641873;"{Featureless spectra"":""Detection""}"""
GJ 341 b;0.00227;0.0821;7.576863;0.0608;10.454;3745.0;0.525;540.0;9.465;6.442;5.587;0.19;20.6506;2.3252;0.0446005509641873;"{Featureless spectra"":""Detection""}"""
GJ 3470 b;0.0437;0.38826;3.336649;0.03557;30.7;3652.0;0.48;590.0;12.3;8.794;7.989;1.15;303.8464;28.3126;0.0446005509641873;"{H2O"":""Upper limit""}""; {He"":""Detection""}""; {H2O"":""Detection"",""CO"":""Detection"",""CH4"":""Detection"",""SO2"":""Detection""}""; {He"":""Upper limit""}""; {He"":""No detection""}""; {Rayleigh Scattering"":""Detection""}""; {H"":""Detection""}"""
GJ 367 b;0.001718;0.0526;0.3219225;0.0069;9.41;3522.0;0.457;1365.0;10.0;8.798540093711468;8.350957978986402;0.19;3343.223394303798;4920.829656780736;0.0446005509641873;"{Featureless spectra"":""Detection""}"""
GJ 436 b;0.05836;0.32519;2.64394;0.02887;10.2;3684.0;0.464;580.0;10.68;6.9;6.073;1.28;374.454;48.1364;0.0446005509641873;"{He"":""Upper limit""}""; {H"":""No detection""}""; {H"":""Detection""}""; {H2O"":""Upper limit"",""CO"":""Upper limit"",""CH4"":""Upper limit""}""; {FeH"":""Upper limit""}""; {Na"":""Upper limit""}"""
GJ 486 b;0.00887;0.11643;1.467119;0.01734;8.0761;3340.0;0.328;700.0;11.4;7.195;6.362;0.19;35.3896;21.3042;0.0446005509641873;"{Featureless spectra"":""Detection""}""; {H2O"":""Upper limit""}""; {He"":""Upper limit""}""; []"
GJ 9827 b;0.01532;0.13641;1.2089765;0.01866;30.3;4255.0;0.651;1043.5;10.4;7.984;7.193;1.26;57.5017;9.5333;0.0446005509641873;"{He"":""Upper limit"",""H"":""Upper limit""}""; {He"":""Upper limit""}"""
GJ 9827 d;0.01076;0.17441;6.20183;0.0555;30.3;4255.0;0.651;604.9;10.4;7.984;7.193;1.26;99.196;3.9901;0.0446005509641873;"{He"":""No detection""}""; {He"":""Upper limit""}""; {H"":""No detection"",""He"":""No detection""}""; {H2O"":""Detection""}""; {H2O"":""Detection"",""He"":""Upper limit"",""Molecular ratios: C\/O, etc..."":""Detection""}"""
GQ Lup b;0.013;1.8;8.27095205;0.09614;140.0;5702.228571428572;1.152609202947846;2650.0;11.4;8.605;7.096;1.15;3343.223394303798;4920.829656780736;0.0446005509641873;"{CO"":""Detection"",""Isotopic fractions"":""Detection"",""Molecular ratios: C\/O, etc..."":""Detection""}"""
HAT-P-1 b;0.525;1.319;4.46529976;0.05561;139.0;5980.0;1.174;1322.0;10.4;9.156;8.858;1.15;314.3897;133.2222;0.0;"{H2O"":""Detection""}""; {Na"":""Detection""}""; {K"":""Detection"",""Na"":""Detection""}"""
HAT-P-10 A b;0.46;1.045;3.722469;0.0439;125.0;4980.0;0.81;1031.5090606215;11.89;8.798540093711468;8.350957978986402;1.15;3343.223394303798;4920.829656780736;0.0446005509641873;"{He"":""Upper limit""}"""
HAT-P-11 b;0.0736;0.389;4.887802443;0.053;37.89;4780.0;0.683;750.0;9.59;7.608;7.009;1.15;196.693;31.097;0.0446005509641873;"{H2O"":""Detection""}""; {He"":""Detection""}""; {H"":""Detection"",""C+"":""Detection""}""; {H2O"":""Detection"",""NH3"":""Detection"",""CO2"":""Upper limit"",""CH4"":""Upper limit"",""HCN"":""Upper limit""}"""
HAT-P-12 b;0.210489884529;0.949;3.2130598;0.0384;142.5;4650.0;0.7;965.0;12.84;10.794;10.108;1.15;282.0309;79.2398;0.0;"{H2O"":""Upper limit"",""CH4"":""Upper limit"",""NH3"":""Upper limit""}""; {H2O"":""Detection""}"""
HAT-P-13 b;0.9;1.44;2.916415;0.045;214.0;5638.0;1.56;1700.0;10.62;9.328;8.975;1.15;160.562;139.8339;0.0446005509641873;[]
HAT-P-14 b;2.444;1.01;4.627686;0.0606;205.0;6600.0;1.468;1566.4051642366;9.98;9.094;8.851;1.15;23.6436;59.9109;0.0446005509641873;"{Featureless spectra"":""Detection""}"""
HAT-P-18 b;0.183;0.947;5.508029;0.0559;166.0;4870.0;0.717;841.0;12.76;10.822;10.234;1.15;264.3349;49.1418;0.0446005509641873;"{He"":""Detection""}""; {He"":""Detection"",""H2O"":""Detection""}""; {H2O"":""Detection""}""; {Featureless spectra"":""Detection""}""; {He"":""Detection"",""H2O"":""Detection"",""CO2"":""Detection"",""Cloudy"":""Detection"",""CH4"":""No detection""}""; {Rayleigh Scattering"":""Detection""}"""
HAT-P-19 b;0.292;1.132;4.008784;0.0466;215.0;4990.0;0.82;981.2;12.9;11.095;10.546;1.15;222.579;63.8947;0.0446005509641873;"[]; {Featureless spectra"":""Detection""}"""
HAT-P-2 b;4.22;0.951;5.6334729;0.0674;118.0;6414.0;1.54;1478.4029578371;8.71;7.796;7.603;1.15;8.6056;80.4223;0.0446005509641873;"{H"":""Upper limit""}""; {Featureless spectra"":""Detection""}"""
HAT-P-23 b;2.09;1.368;1.212884;0.0232;393.0;5924.0;1.29;2056.0;11.94;11.103;10.791;1.15;46.2971;101.1017;0.0446005509641873;"[]; {Featureless spectra"":""Detection""}"""
HAT-P-26 b;0.0585;0.57;4.234502;0.0479;134.0;5079.0;0.788;590.0;11.74;10.08;9.581;1.15;147.3894;7.2246;0.0;"{He"":""Detection""}""; {H2O"":""Detection"",""TiO"":""Detection""}""; {Featureless spectra"":""Detection""}""; {H2O"":""Detection""}"""
HAT-P-3 b;0.591;0.827;2.899703;0.03866;130.0;5224.0;0.799;1145.1940636587;11.86;9.936;9.448;1.15;89.8903;77.2648;0.0446005509641873;"{He"":""Upper limit""}"""
HAT-P-30 b;0.711;1.34;2.810595;0.0419;193.0;6250.0;1.33;1697.9788695269;10.42;9.442;9.151;1.15;213.5363;135.9056;0.1115013774104683;[]
HAT-P-32 b;0.75;1.789;2.15000825;0.03427;320.0;6001.0;1.387;1835.7;11.29;10.251;9.99;1.15;329.926;179.4236;0.0;"{H"":""Detection"",""He"":""Detection""}""; {CO2"":""Detection"",""H2O"":""Detection"",""Rayleigh Scattering"":""Detection""}""; {H2O"":""Detection""}""; {He"":""Detection""}""; []; {FeH"":""Upper limit""}"""
HAT-P-33 b;0.763;1.827;3.474474;0.0503;419.0;6401.0;1.777;1834.5983712062;11.89;10.263;10.004;1.15;209.1487;104.9844;0.0446005509641873;"{He"":""Upper limit""}"""
HAT-P-4 b;0.68;1.27;3.0565114;0.0446;310.0;5890.0;1.59;1686.0;11.2;10.1;9.770001;1.15;97.5357;68.0566;0.0446005509641873;[]
HAT-P-41 b;0.8;1.685;2.694047;0.0426;344.0;6479.0;1.19;1651.2396790884;11.087;10.006;9.728;1.15;353.5281;188.7223;0.0;"{H2O"":""Detection""}""; {Featureless spectra"":""Detection""}""; {TiO"":""Detection"",""CrH"":""Detection"",""MgH"":""Detection""}"""
HAT-P-49 b;1.73;1.448;2.6915575;0.0412;322.0;6820.0;1.833;2193.0;10.21;9.55;9.346;1.15;71.6426;101.9027;0.0446005509641873;"{He"":""Upper limit""}"""
HAT-P-55 b;0.582;1.182;3.5852467;0.04604;477.98;5808.0;1.011;1313.0;13.207;12.02;11.627;1.15;73.0954;41.1959;0.0446005509641873;"{Na"":""Detection"",""MgH"":""Detection""}"""
HAT-P-57 b;1.85;1.413;2.465295;0.0406;303.0;7500.0;1.5;2200.0;10.47;9.67;9.433;1.15;88.2456;125.4927;0.0446005509641873;"{He"":""Upper limit""}""; {Featureless spectra"":""Detection""}""; {H"":""Upper limit"",""Fe"":""No detection""}""; {FeH"":""Upper limit""}"""
HAT-P-6 b;1.11;1.275;3.8529972;0.0494;200.0;6570.0;1.46;1723.0;10.5;9.558;9.313;1.15;94.0557;91.5556;0.0446005509641873;[]
HAT-P-65 b;0.527;1.89;2.6054552;0.03951;477.98;5835.0;1.86;1930.0;13.15;11.892;11.528;1.15;152.0212;61.199;0.0;"{TiO"":""Detection"",""Na"":""Upper limit"",""VO"":""Upper limit""}"""
HAT-P-67 b;0.34;2.085;4.81010205;0.06505;320.0;6406.0;1.546;1903.0;10.69;9.145001;8.9;1.15;1599.7676;317.4523;0.0446005509641873;"{H"":""Upper limit"",""Cr"":""Upper limit"",""Fe"":""Upper limit"",""Na"":""Upper limit"",""Ti"":""Upper limit"",""He"":""Detection""}""; {H"":""Upper limit"",""Ca+"":""Detection"",""Na"":""Detection""}""; {He"":""Upper limit""}""; {He"":""Detection""}"""
HAT-P-7 b;1.741;1.431;2.204735471;0.0379;320.0;6259.0;2.0;2121.0;10.5;9.555;9.334;1.15;55.6928;88.4042;0.0;"[]; {H2O"":""Detection"",""FeH"":""Detection"",""CO2"":""Detection""}"""
HAT-P-70 b;4.22;1.87;2.74432452;0.04739;329.0;8450.0;1.858;2562.0;9.5;9.068;8.963;1.15;55.896;192.866;0.0;"{Ca+"":""Detection"",""Cr"":""Detection"",""Cr+"":""Detection"",""Fe"":""Detection"",""Fe+"":""Detection"",""H"":""Detection"",""Mg"":""Detection"",""Na"":""Detection"",""V"":""Detection""}"""
HAT-P-8 b;1.34;1.5;3.0763402;0.0449;230.0;6200.0;1.58;1773.4972422895;10.17;9.214;8.953;1.15;130.6422;142.9594;0.0446005509641873;[]
HATS-46 b;0.173;0.903;4.7423729;0.05367;448.0;5495.0;0.853;1054.0;13.634;12.366;11.965;1.15;105.4284;20.2342;0.0446005509641873;"{Cloudy"":""Detection""}"""
HATS-5 b;0.237;0.912;4.763387;0.0542;257.0;5304.0;0.871;1025.0;12.63;11.199;10.703;1.15;126.5674;34.8511;0.0446005509641873;"{H2O"":""Detection""}"""
HD 102195 b;0.46;1.3672001203745;4.114;0.049;28.98;5291.0;0.835;1053.2134928857;8.05;6.629;6.151;1.15;2015.0226;735.464;0.0446005509641873;"{H2O"":""Detection"",""CH4"":""Detection""}"""
HD 106315 c;0.04782;0.388;8.27095205;0.09614;109.0;6327.0;1.3;886.0;9.0;8.116;7.853;1.15;77.523;6.2229;0.0446005509641873;"{H2O"":""Detection""}""; {Na"":""Upper limit""}"""
HD 143105 b;1.21;2.414944257469;2.1974;0.0379;48.7;6380.0;1.152609202947846;1540.126812869267;6.75;5.795;5.519;1.15;3343.223394303798;4920.829656780736;0.0446005509641873;"{H2O"":""Detection"",""CO"":""Upper limit""}"""
HD 149026 b;0.28;0.74;2.8758916;0.041;78.9;6147.0;1.497;1634.0;8.15;7.118;6.819;1.15;202.2756;91.7555;0.0446005509641873;"{H"":""Upper limit""}""; {Fe"":""Detection"",""TiO"":""No detection""}""; {CO2"":""Theoretical prediction"",""CO"":""Theoretical prediction""}""; {Molecular ratios: C\/O, etc..."":""Detection""}""; {CO2"":""Detection"",""H2O"":""Detection"",""Molecular ratios: C/O, etc..."":""Detection""}""; {Ti"":""Detection""}""; {H2O"":""Detection""}""; {Featureless spectra"":""Detection""}"""
HD 179949 b;0.92;1.05;3.0925;0.045;27.0;6260.0;1.19;1552.2976930022;6.25;5.296;4.936;1.15;611.87;626.0955;0.0;"{CO"":""Detection"",""H2O"":""Detection""}"""
HD 189733 b;1.138;1.138;2.219;0.031;19.3;4875.0;0.805;1197.9126975084;7.67;6.073;5.541;1.15;742.5333;1032.38;0.0446005509641873;"{H"":""Detection""}""; {He"":""Detection""}""; {H2O"":""Detection""}""; {Na"":""Upper limit""}""; []; {Na"":""Detection"",""H2O"":""Detection""}""; {Featureless spectra"":""Detection""}""; {Rayleigh Scattering"":""Detection""}""; {K"":""Upper limit"",""Na"":""Upper limit""}""; {Na"":""Detection""}""; {Na"":""Detection"",""Ca"":""Upper limit""}""; {O"":""Detection""}""; {CO"":""Detection"",""H2O"":""Upper limit""}""; {H"":""Detection"",""O"":""Upper limit"",""C+"":""Upper limit""}""; {H2O"":""Detection"",""CO"":""Detection"",""HCN"":""Detection""}""; {C+"":""Detection"",""H"":""Detection""}""; {H2O"":""Detection"",""CO2"":""Detection"",""CO"":""Detection"",""Molecular ratios: C\/O, etc..."":""Detection"",""CH4"":""Upper limit"",""H2S"":""Detection""}""; {CO"":""Detection"",""H2O"":""Detection""}""; {H2O"":""Detection"",""CO2"":""Detection""}""; {H2O"":""Detection"",""H2S"":""Detection"",""SiO2"":""Theoretical prediction""}""; {H2O"":""Detection"",""CH4"":""Upper limit"",""CO"":""Upper limit"",""HCN"":""Upper limit"",""NH3"":""Upper limit""}""; {FeH"":""Upper limit""}""; {Rayleigh Scattering"":""Detection"",""K"":""Upper limit"",""Na"":""Upper limit""}""; {Molecular ratios: C\/O, etc..."":""Detection""}"""
HD 202772 A b;1.008;1.562;3.30896;0.0519;147.2;6230.0;2.614;2132.0;8.32;7.232;6.959;1.15;214.5639;186.4831;0.1115013774104683;[]
HD 209458 b;0.69;1.38;3.52472;0.04747;47.0;6092.0;1.203;1478.8241952106;7.65;6.591;6.308;1.15;950.9802;535.1454;0.0;"{Na"":""Upper limit""}""; {Na"":""Detection"",""H2O"":""Detection""}""; {Na"":""No detection""}""; {H2O"":""Detection""}""; {Na"":""Detection""}""; {Na"":""Upper limit"",""Li"":""Upper limit"",""H"":""Upper limit""}""; {C+"":""Detection"",""O"":""Detection""}""; {C+"":""Detection"",""Si+"":""Detection""}""; {CO"":""Detection"",""H2O"":""Upper limit""}""; {CO"":""Detection""}""; {He"":""Upper limit""}""; {He"":""Detection""}""; {TiO"":""Detection"",""Na"":""Detection""}""; {CO"":""Detection"",""H2O"":""Detection"",""CH4"":""Detection"",""HCN"":""Detection"",""NH3"":""Detection""}""; []; {Fe+"":""Detection"",""Mg"":""No detection"",""Mg+"":""No detection""}""; {H"":""Detection""}""; {CO2"":""Detection"",""H2O"":""Detection"",""Molecular ratios: C/O, etc..."":""Detection"",""CH4"":""Upper limit"",""HCN"":""Upper limit""}""; {H2O"":""Detection"",""CH4"":""No detection"",""CO"":""No detection"",""HCN"":""No detection"",""NH3"":""No detection""}""; {H2O"":""Detection"",""CH4"":""Detection"",""CO"":""Detection""}""; {FeH"":""Upper limit""}"""
HD 3167 c;0.0308;0.255;8.27095205;0.09614;47.36;5528.0;0.87;531.0;8.94;7.548;7.066;1.28;66.1053;2.4213;0.0446005509641873;"{H2O"":""Detection"",""CO2"":""Detection""}"""
HD 63433 b;0.0689;0.1945;7.1079477;0.0719;22.42;5640.0;0.912;870.0;7.0;5.624;5.258;1.26;46.681;11.5136;0.0446005509641873;"{H"":""Upper limit""}""; {He"":""Upper limit""}""; {H"":""No detection""}"""
HD 63433 c;0.0482;0.2427;8.27095205;0.09614;22.42;5640.0;0.912;622.305801154;7.0;5.624;5.258;1.26;92.7357;7.4359;0.0;"{H"":""Upper limit""}""; {He"":""Upper limit""}""; {H"":""Detection"",""He"":""Upper limit""}"""
HD 73583 b;0.0321;0.2489;6.398042;0.0604;31.6;4511.0;0.71;721.0;9.67;7.649;6.948;1.28;114.7885;11.7301;0.0446005509641873;"{H"":""Upper limit""}""; {He"":""Detection""}"""
HD 73583 c;0.0302;0.2436;8.27095205;0.09614;31.6;4511.0;0.71;503.0;9.67;7.649;6.948;1.26;78.5501;3.7034;0.0446005509641873;"{H"":""Upper limit""}""; {He"":""Upper limit""}"""
HD 80606 b;4.1641;1.032;8.27095205;0.09614;58.4;5645.0;0.98;397.18235971598;8.93;7.702;7.316;1.15;15.9902;8.7586;0.0446005509641873;"{K"":""Upper limit""}""; {CO"":""Detection"",""CH4"":""Detection""}"""
HD 85628 A b;3.1;1.53;2.82406;0.047;171.54;7800.0;1.92;2403.9738717093;8.19;8.798540093711468;8.350957978986402;1.15;3343.223394303798;4920.829656780736;0.0446005509641873;"{Rb"":""Detection"",""Sm"":""Detection"",""Ti+"":""Detection"",""Ba+"":""Detection"",""Mg"":""Detection"",""Ca"":""Detection"",""Cr"":""Detection"",""Fe"":""Detection""}""; {H"":""Detection"",""Na"":""Detection"",""Ca+"":""Detection"",""Mg"":""Detection"",""Fe"":""Detection"",""Fe+"":""Detection"",""Ca"":""Detection"",""Cr"":""Detection""}"""
HD 89345 b;0.1123;0.612;8.27095205;0.09614;126.6;5609.0;1.657;1053.0;9.4;8.091;7.721;1.15;95.8641;16.9385;0.0446005509641873;"{He"":""Upper limit""}"""
HD 97658 b;0.02457;0.20047;8.27095205;0.08;21.1;5170.0;0.73;809.0;6.27;6.203;5.734;1.26;159.337;14.305;0.0;"{He"":""No detection""}"""
HIP 41378 f;0.038;0.3604;8.27095205;0.09614;116.0;6199.0;1.4;335.0;8.9;7.982;7.722;1.15;27.1117;0.171;0.0;"{Featureless spectra"":""Detection""}"""
HIP 65426 b;4.22;1.5;8.27095205;0.09614;109.2;8840.0;1.77;1560.0;7.01;6.826;6.771;1.15;51.9029;169.0523;0.0446005509641873;"{Molecular ratios: C/O, etc..."":""Detection""}"""
HIP 65A b;3.213;2.03;0.9809734;0.01782;61.89;4590.0;0.7242;1411.0;11.1;8.798540093711468;8.350957978986402;1.15;3343.223394303798;4920.829656780736;0.0;"{H2O"":""Detection"",""CO"":""Detection"",""Molecular ratios: C\/O, etc..."":""Detection""}""; []"
HIP 67522 b;0.0434;0.897;6.9594738;0.0753;127.27;5675.0;1.38;1174.0;9.9;8.587;8.164;1.15;999.0691;52.346;0.0446005509641873;"{CO2"":""Detection"",""H2O"":""Detection"",""CO"":""Detection"",""H2S"":""Detection"",""Molecular ratios: C\/O, etc..."":""Detection""}"""
HIP 94235 b;1.192;0.2862;7.712121;0.0787;58.61;5991.0;1.08;1060.0;8.3;7.201;6.881;1.28;3.6703;12.0442;0.0446005509641873;"{H"":""Upper limit""}"""
HR 8799 b;4.22;1.2;8.27095205;0.09614;39.4;5702.228571428572;1.5;1540.126812869267;5.96;5.383;5.24;1.15;3343.223394303798;4920.829656780736;0.0;"{Cloudy"":""Detection"",""Molecular ratios: C\/O, etc..."":""Detection""}""; {H2O"":""Detection"",""CO"":""Detection""}""; {H2O"":""Detection"",""CO"":""Detection"",""CH4"":""Upper limit""}""; {NH3"":""Detection"",""H2C2"":""Detection"",""CO2"":""Detection""}"""
HR 8799 c;4.22;1.3;8.27095205;0.09614;39.4;5702.228571428572;1.5;1540.126812869267;5.96;5.383;5.24;1.15;3343.223394303798;4920.829656780736;0.0;"{C"":""Upper limit""}""; {Molecular ratios: C\/O, etc..."":""Detection"",""Cloudy"":""Detection"",""HCN"":""Detection"",""CH4"":""Detection""}""; {CH4"":""Detection"",""H2O"":""Detection""}""; {CH4"":""No detection"",""CO2"":""No detection"",""H2C2"":""Upper limit"",""NH3"":""Detection""}""; {CO"":""Detection""}"""
HR 8799 d;4.22;1.2;8.27095205;0.09614;39.4;5702.228571428572;1.5;1540.126812869267;5.96;5.383;5.24;1.15;3343.223394303798;4920.829656780736;0.0;"{Cloudy"":""Detection"",""Molecular ratios: C\/O, etc..."":""Detection""}""; {CH4"":""Detection"",""H2O"":""Detection""}""; {CH4"":""Detection"",""CO2"":""Detection"",""H2C2"":""Detection"",""NH3"":""Upper limit""}"""
HR 8799 e;4.22;1.17;8.27095205;0.09614;39.4;7400.0;1.5;1150.0;5.96;5.383;5.24;1.15;36.3412;204.8766;0.0;"{Molecular ratios: C\/O, etc..."":""Detection"",""Cloudy"":""Detection"",""HCN"":""Detection""}""; {CO"":""Detection"",""H2O"":""Detection""}""; {H2C2"":""Detection"",""CO"":""No detection"",""CH4"":""Detection"",""NH3"":""No detection""}"""
K2-100 b;0.06859;0.32;1.673833;0.0296;190.04;6168.0;1.22;1748.0;10.651;9.463;9.182;1.28;40.6557;9.6567;0.0446005509641873;"{He"":""Upper limit""}""; {H"":""Upper limit""}"""
K2-105 b;0.094;0.301;8.267704;0.0796;199.28;5464.0;0.91;814.0;12.0;10.541;10.091;1.28;12.5783;2.652;0.0446005509641873;"{He"":""Upper limit""}"""
K2-136 Ac;0.035820693119399;0.26;8.27095205;0.09614;59.2474;4500.0;0.677;425.0;11.2;9.096;8.368;1.28;39.0398;1.2617;0.0446005509641873;"{He"":""Upper limit""}"""
K2-139 b;0.381;0.813;8.27095205;0.09614;154.6;5370.0;0.88;524.0;11.7;10.177;9.66;1.15;44.7209;7.2042;0.0446005509641873;"{H2O"":""Upper limit""}"""
K2-141 b;0.01598;0.135;0.2803244;0.00747;61.0;4599.0;0.681;2039.0;11.5;9.086;8.401;1.26;57.4405;14.1984;0.0;[]
K2-18 b;0.02807;0.211;8.27095205;0.09614;38.07;3457.0;0.41;284.0;13.5;9.763;8.899;1.26;35.1258;0.3181;0.0;"{CH4"":""Detection"",""CO2"":""Upper limit""}""; {H2O"":""Detection""}""; {CH4"":""Detection""}""; {CH4"":""Upper limit"",""NH3"":""Upper limit""}""; {CH4"":""Detection"",""CO2"":""Detection"",""NH3"":""No detection""}"""
K2-25 b;0.0771;0.306;3.484552;0.0287;45.01;3180.0;0.29;345.7;15.88;11.303;10.444;1.28;47.4377;2.2024;0.0446005509641873;"{H"":""Upper limit""}""; {He"":""Upper limit""}"""
K2-33 b;3.7;0.45;5.424865;0.0409;139.8;3540.0;1.05;864.90759857417;16.0;11.095;10.026;1.15;0.5932;9.0613;0.0446005509641873;"{Cloudy"":""Detection""}""; {He"":""Upper limit""}"""
K2-77 b;1.9;0.205;8.199796;0.0753;142.31;4970.0;0.76;806.0;12.158;10.384;9.799;1.26;0.2953;2.2058;0.0446005509641873;"{H"":""Upper limit""}""; {He"":""Upper limit""}"""
KELT-1 b;4.22;1.15;1.217514;0.02472;263.0;6516.0;1.471;2423.0;10.7;9.682;9.437;1.15;3.6811;116.276;0.0;"[]; {FeH"":""Detection"",""CH4"":""Detection""}"""
KELT-10 b;0.679;1.399;4.166285;0.0525;183.0;5948.0;1.209;1377.0;10.8;9.693;9.338;1.15;222.4655;122.5955;0.0446005509641873;"{Na"":""Upper limit"",""H"":""Upper limit""}"""
KELT-11 b;0.195;1.3;4.736529;0.06229;98.0;5370.0;2.72;1712.0;8.0;6.616;6.122;1.15;629.7373;149.4223;0.0;"{Na"":""Upper limit""}""; {H2O"":""Detection""}""; {Na"":""Detection""}"""
KELT-16 b;2.75;1.415;0.9689951;0.02044;365.0;6236.0;1.36;2453.0;11.9;10.928;10.642;1.15;45.3059;126.5685;0.0;[]
KELT-2 A b;1.486;1.306;4.1137914;0.05498;128.9;6148.0;1.842;1715.9702692513;8.7;7.669;7.346;1.15;112.7559;160.197;0.0446005509641873;"{Molecular ratios: C\/O, etc..."":""Detection"",""H2O"":""Detection""}"""
KELT-23 Ab;0.937;1.29;2.25528756;0.03523;125.42;5899.0;0.996;1513.0;10.4;9.2;8.350957978986402;1.15;256.7721;4920.829656780736;0.0446005509641873;"{H2O"":""Detection""}"""
KELT-3 b;1.418;1.333;2.7033902;0.04117;178.0;6304.0;1.482;1823.825685968;9.8;8.963;8.662;1.15;113.6839;150.3494;0.0446005509641873;"{H"":""No detection""}"""
KELT-7 b;1.24;1.293;2.734784;0.0446;129.0;6789.0;1.732;2048.0;8.54;7.739;7.543;1.15;171.3981;189.8241;0.0446005509641873;"{Ca+"":""Upper limit"",""Na"":""Upper limit"",""H"":""Upper limit"",""Li"":""Upper limit"",""Mg"":""Upper limit""}""; {H2O"":""Detection"",""H-"":""Detection""}""; {Na"":""Upper limit""}"""
KELT-8 b;0.874;1.86;3.24406;0.04571;236.0;5754.0;1.67;1675.0;10.83;9.586;9.177;1.15;272.024;176.844;0.0446005509641873;"{H2O"":""Detection""}"""
KELT-9 b;2.88;1.84;1.4811235;0.03368;204.455;10170.0;2.36;3921.0;7.56;7.458;7.482;1.15;249.5927;324.6482;0.0446005509641873;"{Fe"":""Detection""}""; {H-"":""Detection""}""; {Fe"":""Detection"",""TiO"":""Upper limit""}""; {He"":""Upper limit""}""; {Fe"":""Detection"",""Fe+"":""Detection"",""Mg"":""Detection"",""H"":""Detection""}""; {O"":""Detection""}""; {Si"":""Detection"",""Mg+"":""Detection"",""Ca"":""Detection""}""; {H"":""Detection"",""Na"":""Detection"",""Mg"":""Detection"",""Ca+"":""Detection"",""Sc+"":""Detection"",""Ti+"":""Detection"",""Cr+"":""Detection"",""Fe"":""Detection"",""Fe+"":""Detection"",""Ca"":""Detection"",""Cr"":""Detection"",""Ni"":""Detection"",""Sr+"":""Detection"",""Tb+"":""Detection""}""; {Fe+"":""Detection""}""; {Na"":""Detection"",""Cr+"":""Detection"",""Sc+"":""Detection"",""Y+"":""Detection"",""Mg"":""Detection"",""Fe"":""Detection"",""Fe+"":""Detection"",""Ti+"":""Detection""}""; {Ca+"":""Detection""}""; {H"":""Detection""}""; {Fe"":""Detection"",""Fe+"":""Detection"",""Ti+"":""Detection""}""; {Ti+"":""Detection"",""Fe"":""Detection"",""Fe+"":""Detection"",""Na"":""Detection"",""Mg"":""Detection"",""Na+"":""Detection"",""Sc+"":""Detection""}""; []; {H"":""Detection"",""Na"":""Detection"",""Ca"":""Detection"",""Ca+"":""Detection"",""Fe"":""Detection"",""Fe+"":""Detection"",""Mg"":""Detection"",""Ti"":""Detection"",""Sc"":""Detection"",""Cr"":""Detection""}""; {TiO"":""Upper limit"",""VO"":""Upper limit""}""; {TiO"":""Detection"",""VO"":""Detection"",""FeH"":""Detection"",""H-"":""Detection""}""; {Na"":""Detection""}"""
KOI-13 b;4.22;1.512;1.763588;0.03641;415.0;7650.0;1.74;2750.0;10.0;9.466;9.425;1.15;21.9958;143.1471;0.0;"[]; {H2O"":""Detection""}"""
Kepler-25 c;0.0479;0.465;8.27095205;0.09614;244.96;6270.0;1.31;1043.3746987219;11.0;9.764;9.493;1.15;72.3301;5.9588;0.0446005509641873;"{He"":""Upper limit""}"""
Kepler-5 b;2.111;1.426;3.5484657;0.0538;477.98;6297.0;1.79;1750.0;13.325;12.115;11.769;1.15;14.4013;26.4681;0.1115013774104683;"{CO"":""Theoretical prediction""}"""
Kepler-51 b;0.007;0.633;8.27095205;0.09614;477.98;5670.0;0.881;543.0;15.0;13.562;13.197;1.15;249.8959;0.9046;0.0446005509641873;"{Featureless spectra"":""Detection""}"""
Kepler-51 d;0.024;0.865;8.27095205;0.09614;477.98;5670.0;0.881;381.0;15.0;13.562;13.197;1.15;130.4993;0.418;0.0446005509641873;"{Featureless spectra"":""Detection""}"""
Kepler-6 b;0.668;1.304;3.2346996;0.04852;477.98;5647.0;1.39;1460.0;13.286;12.001;11.634;1.15;50.7432;32.9375;0.11;[]
Kepler-62 e;0.113;0.144;8.27095205;0.09614;368.0;4925.0;0.64;270.0;14.0;12.256;11.659;1.26;0.3433;0.008;0.0446005509641873;"{O3"":""Theoretical prediction"",""H2O"":""Theoretical prediction"",""O2"":""Theoretical prediction"",""CO2"":""Theoretical prediction""}"""
Kepler-68 b;0.02407;0.206;5.3988;0.0617;144.77;5793.0;1.24;1280.0;10.077;8.975;8.588;1.26;26.9999;3.2287;0.0446005509641873;"{He"":""Upper limit""}"""
L 168-9 b;0.01265;0.1392;1.40152634;0.0208;25.1496;3842.0;0.604;816.0;11.02;7.941;7.082;1.26;68.5668;7.9713;0.0446005509641873;"{Featureless spectra"":""Detection""}"""
L 98-59 b;0.0013;0.0758;2.2531136;0.02191;10.623;3500.0;0.291;627.0;11.7;7.933;7.101;0.19;53.9759;5.6176;0.0446005509641873;"{Featureless spectra"":""Detection""}""; {Featureless spectra"":""Detection"",""SO2"":""Theoretical prediction""}"""
L 98-59 c;0.00698;0.12356;3.6906777;0.0304;10.623;3500.0;0.291;553.0;11.7;7.933;7.101;0.19;38.4035;10.0808;0.0446005509641873;"{Featureless spectra"":""Detection""}"""
L 98-59 d;0.0061;0.1357;7.4507245;0.0486;10.623;3500.0;0.291;416.0;11.7;7.933;7.101;1.26;290.3941;4.1832;0.0446005509641873;"{Featureless spectra"":""Detection""}""; {SO2"":""Detection"",""H2S"":""Detection""}""; {H2S"":""Detection"",""SO2"":""Detection""}"""
LHS 1140 b;0.02196;0.15407;8.27095205;0.0936;12.47;3131.0;0.186;230.0;14.15;9.612001;8.821;1.26;73.7385;0.2299;0.0446005509641873;"{H2O"":""Detection""}""; {H2O"":""Upper limit""}""; {Featureless spectra"":""Detection""}"""
LHS 1478 b;0.00733;0.1106;1.9495378;0.01848;18.21;3381.0;0.246;595.0;13.0;9.615;8.767;0.19;18.1996;6.9359;0.0446005509641873;[]
LHS 3844 b;0.0093245157590364;0.1178;0.46292792;0.00623;14.9;3036.0;0.189;805.0;15.2;10.046;9.145001;0.19;32.4889;29.6811;0.0;[]
LTT 1445A b;0.00903;0.11643;5.3587657;0.03813;6.9;3340.0;0.27;424.0;10.17403881278539;8.798540093711468;8.350957978986402;0.19;3343.223394303798;4920.829656780736;0.0446005509641873;"{Featureless spectra"":""Detection""}""; []"
LTT 3780 c;0.0267;0.205;8.27095205;0.077;21.981;3360.0;0.374;353.0;13.0;9.007;8.204001;1.26;71.656;1.722;0.0446005509641873;"{NH3"":""No detection"",""CH4"":""Upper limit""}"""
LTT 9779 b;0.09225;0.4211;0.7920641;0.01679;80.6;5445.0;0.92;2000.0;9.76;8.446;8.016;1.15;198.9032;71.6524;0.0446005509641873;"[]; {Featureless spectra"":""Detection"",""H"":""Upper limit"",""Na"":""Upper limit""}""; {FeH"":""Detection"",""CO2"":""Detection"",""H2O"":""Detection"",""He"":""Upper limit""}""; {Featureless spectra"":""Detection""}""; {He"":""No detection""}"""
MASCARA-1 b;3.7;1.5;2.14878;0.043;188.7;7554.0;2.1;2594.3;8.3;7.819;7.74;1.15;74.4821;196.9048;0.0446005509641873;"{Fe"":""Detection"",""Ti"":""Detection""}""; {Fe"":""Detection"",""Cr"":""Detection"",""Ti"":""Detection""}""; {Featureless spectra"":""Detection""}""; {H2O"":""Detection"",""CO"":""Detection""}""; {Molecular ratios: C/O, etc..."":""Detection"",""Fe"":""Detection"",""H2O"":""Detection"",""CO"":""Detection""}""; []"
MASCARA-2 b/KELT-20 b;3.518;1.83;3.4741085;0.0542;152.8699450231481;8980.0;1.6;2230.0;3.0;8.798540093711468;8.350957978986402;1.15;3343.223394303798;4920.829656780736;0.0;"{Na"":""Detection""}""; []; {CO"":""Detection"",""H2O"":""Detection""}""; {H"":""Detection""}""; {He"":""Upper limit""}""; {Si"":""Detection""}""; {H2O"":""Detection"",""CO"":""Detection""}""; {Fe"":""Detection"",""Fe+"":""Detection"",""Na"":""Detection"",""Mg"":""Detection"",""Cr+"":""Detection""}""; {Fe+"":""Detection""}""; {H"":""Detection"",""Na"":""Detection""}""; {Fe"":""Detection"",""Fe+"":""Detection""}""; {Fe"":""Detection"",""Fe+"":""Detection"",""Cr"":""Detection""}""; {Fe+"":""No detection"",""Cr"":""No detection"",""Fe"":""Detection""}""; {Fe"":""Detection"",""Fe+"":""Detection"",""Ca+"":""Detection"",""Na"":""Detection""}""; {H"":""Detection"",""Na"":""Detection"",""Ca+"":""Detection"",""Fe+"":""Detection""}""; {Fe"":""Detection""}""; {Fe+"":""Detection"",""Ni+"":""Detection""}""; {Fe"":""Detection"",""Ni"":""Detection"",""Cr"":""No detection""}""; {FeH"":""Upper limit""}"""
NGTS-5 b;0.229;1.136;3.3569866;0.0382;309.5;4987.0;0.739;952.0;13.789;12.117;11.612;1.15;214.0157;45.4613;0.0446005509641873;"{He"":""Upper limit""}"""
NLTT 5306 b;4.22;23.043886752891;0.07;0.00263;77.9678;7756.0;0.0156;910.86849363777;10.17403881278539;16.24;15.56;1.15;2349003.5273;3696574.1538;0.0446005509641873;[]
PDS 70 b;4.22;2.72;8.27095205;0.09614;113.43;4237.0;1.26;1204.0;12.233;9.553001;8.542;1.15;136.1733;724.7777;0.0;"{CO"":""Detection"",""H2O"":""Detection"",""Molecular ratios: C\/O, etc..."":""Detection""}""; {CO"":""Upper limit"",""H2O"":""Upper limit"",""CH4"":""Upper limit""}"""
Qatar-1 b;1.294;1.143;1.42002504;0.02332;187.0;5013.0;0.803;1418.0;12.84;10.999;10.4;1.15;81.4418;146.677;0.0446005509641873;"{Featureless spectra"":""Detection""}""; []"
Qatar-2 b;2.494;1.254;1.33711647;0.02153;182.32;4645.0;0.78;1344.0;13.3;11.35;10.619;1.15;47.6875;168.8255;0.0446005509641873;[]
TOI-1136 d;0.02627;0.4128;8.27095205;0.09614;84.536;5770.0;0.968;843.0;9.5;8.363;8.034;1.15;260.2758;11.5922;0.0446005509641873;"{H"":""Detection""}""; {He"":""Upper limit""}"""
TOI-1235 b;0.0186;0.15113;3.444717;0.03826;39.68;3997.0;0.619;775.0;11.0;8.711;7.893;1.26;37.8556;5.1577;0.0446005509641873;"{He"":""Upper limit""}"""
TOI-1259A b;0.441;1.022;3.47798;0.0407;118.11;4775.0;0.739;963.0;10.17403881278539;8.798540093711468;8.350957978986402;1.15;3343.223394303798;4920.829656780736;0.0446005509641873;"{He"":""Detection""}"""
TOI-1268 b;0.29;0.82;8.1577094;0.072;110.0;5200.0;0.92;919.0;11.0;9.4;8.911;1.15;138.3507;46.6465;0.0446005509641873;"{He"":""Detection""}"""
TOI-1420 b;0.079;1.0608;6.9561063;0.071;201.84;5493.0;0.923;957.0;12.0;10.557;10.119;1.15;667.6979;45.5467;0.0446005509641873;"{He"":""Detection""}"""
TOI-1430 b;0.01306;0.1766;7.4341325;0.0706;41.24;5037.0;0.789;813.0;9.2;8.798540093711468;8.350957978986402;1.26;3343.223394303798;4920.829656780736;0.0446005509641873;"{He"":""Detection""}"""
TOI-1431 b/MASCARA-5 b;3.14;1.508;2.65022;0.047;149.6;7690.0;1.92;2370.0;8.0;8.798540093711468;8.350957978986402;1.15;3343.223394303798;4920.829656780736;0.0446005509641873;"{H"":""No detection"",""Ca"":""No detection"",""Fe"":""No detection"",""Fe+"":""No detection"",""Mg"":""No detection"",""Na"":""No detection"",""V"":""No detection"",""TiO"":""No detection"",""VO"":""No detection""}""; {He"":""Upper limit""}""; {Fe"":""Detection"",""Cr"":""Detection""}"""
TOI-1518 b;2.3;1.875;1.902603;0.039;225.888;7300.0;1.95;2892.0;8.952;8.429;8.325;1.15;228.4563;328.1646;0.0446005509641873;"{Fe"":""Detection"",""Fe+"":""Upper limit""}""; {Fe"":""Detection"",""Ni"":""Upper limit"",""Mg"":""Upper limit"",""Fe+"":""Upper limit""}""; {VO"":""Detection"",""Ca+"":""Detection"",""Fe+"":""Detection"",""Ba+"":""Detection"",""Ca"":""Detection"",""Fe"":""Detection"",""Ti"":""Detection"",""Si"":""Detection"",""Mg"":""Detection"",""V"":""Detection"",""Mn"":""Detection"",""Cr"":""Detection"",""Na"":""Detection""}"""
TOI-1683 b;0.025;0.232;3.05752578;0.036;152.8699450231481;5702.228571428572;1.152609202947846;927.0;10.17403881278539;8.798540093711468;8.350957978986402;1.26;3343.223394303798;4920.829656780736;0.0446005509641873;"{He"":""Upper limit""}""; {He"":""Detection""}"""
TOI-1685 b;0.00988;0.124;0.66813924;0.012;37.609;3434.0;0.492;980.0;13.378;9.616;8.758;0.19;7.8317;7.7244;0.0446005509641873;"{Featureless spectra"":""Detection""}"""
TOI-1728 b;0.08426;0.4505;3.49151;0.0391;60.8;3980.0;0.6243;767.0;12.4;9.642;8.803001;1.15;128.0176;29.0195;0.0446005509641873;"{He"":""Upper limit""}"""
TOI-1807 b;0.00809;0.1222;0.549374;0.012;42.577;4757.0;0.68;1499.0;10.0;8.103;7.568;0.19;14.713;10.0954;0.0446005509641873;"{He"":""Upper limit""}""; {H"":""Upper limit""}"""
TOI-2018 b;0.0289;0.2025;7.435583;0.09614;28.0;4219.0;0.62;652.0;10.25;7.844;7.104;1.26;73.2676;7.7966;0.0446005509641873;"{H"":""Upper limit""}""; {He"":""Detection""}"""
TOI-2046 b;2.3;1.44;1.4971842;0.09614;289.668;6160.0;1.237;1540.126812869267;11.552;10.415;10.094;1.15;3343.223394303798;4920.829656780736;0.0446005509641873;"{H"":""Upper limit""}""; {He"":""Upper limit""}"""
TOI-2048 b;0.019863997664923;0.1838;8.27095205;0.09614;116.39;5185.0;0.79;509.8224561451;11.5;9.895001;9.439;1.26;14.9281;0.4792;0.0446005509641873;"{H"":""Upper limit""}""; {He"":""Upper limit""}"""
TOI-2076 b;0.0107;0.2266;8.27095205;0.088;41.906;5200.0;0.758;870.0;10.0;7.613;7.115;1.26;275.3262;10.5934;0.0446005509641873;"{He"":""Upper limit""}""; {H"":""Upper limit""}""; {He"":""Detection""}"""
TOI-2134 b;0.02873;0.24;8.27095205;0.078;22.62;4406.0;0.77;665.0;8.9;6.776;6.091;1.26;132.6811;11.3497;0.0446005509641873;"{He"":""Detection""}"""
TOI-2136 b;0.0148;0.1865;7.85191;0.054;33.36;3342.0;0.34;378.0;14.0;10.184;9.343;1.26;73.3465;1.429;0.0446005509641873;"{He"":""Upper limit""}"""
TOI-270 d;0.0132;0.19;8.27095205;0.0733;22.453;3386.0;0.38;340.0;12.6;9.099;8.251;1.26;103.1975;1.1477;0.0446005509641873;"{H2O"":""Detection""}""; {CO2"":""Detection"",""CH4"":""Detection""}""; {CH4"":""Detection"",""CO2"":""Detection"",""H2O"":""Detection""}"""
TOI-3362 b;4.0;1.2;8.27095205;0.09614;370.85;6532.0;1.83;1082.279237179;10.86;9.944;9.693;1.15;7.2831;19.0566;0.0446005509641873;"{H2O"":""Upper limit""}"""
TOI-3757 b;0.2684;1.07;3.438753;0.03845;177.4;3913.0;0.62;759.0;15.0;12.0;11.152;1.15;182.4002;55.975;0.0446005509641873;"{He"":""Upper limit""}"""
TOI-421 b;0.05107;0.4612;8.27095205;0.09614;74.7969;5325.0;0.87;697.0;9.931;8.547;8.071;1.15;175.5878;11.9474;0.0446005509641873;"{H2O"":""Detection"",""SO2"":""Upper limit"",""CO"":""Upper limit""}"""
TOI-4481 b;0.006;0.11874;0.9263237;0.01406;12.0641;3600.0;0.4144;940.0;10.17403881278539;8.798540093711468;8.350957978986402;0.19;3343.223394303798;4920.829656780736;0.0446005509641873;"{H"":""Upper limit"",""He"":""Upper limit""}"""
TOI-503 b;4.22;1.29;3.6775;0.09614;152.8699450231481;7639.0;1.79;1540.126812869267;9.4;8.798540093711468;8.350957978986402;1.15;3343.223394303798;4920.829656780736;0.0;[]
TOI-5205 b;1.08;1.035;1.630757;0.0199;86.865;3439.0;0.394;737.0;15.0;11.926;11.006;1.15;102.0635;151.7514;0.0446005509641873;"{CH4"":""Detection"",""H2S"":""Detection"",""Molecular ratios: C\/O, etc..."":""Detection""}"""
TOI-5398 b;0.1847;1.008;8.27095205;0.09614;130.855;6000.0;1.053;947.0;10.059;9.026;8.713;1.15;377.0561;53.1865;0.0446005509641873;"{H"":""Detection"",""He"":""Detection"",""Na"":""Detection""}"""
TOI-674 b;0.0739;0.4693;1.977143;0.0231;46.16;3505.0;0.421;661.0;14.2;10.359;9.469;1.15;224.7722;40.2249;0.0;"{H2O"":""Detection""}"""
TOI-677 b;1.234;1.17;8.27095205;0.09614;143.0;6295.0;1.28;1252.0;9.7;8.722;8.429;1.15;90.8291;91.634;0.0446005509641873;"{H2O"":""Upper limit""}"""
TOI-741.01;0.0017102893286844;0.077489910714286;7.5768334;0.09614;10.454;3766.0;0.53;629.0;10.17403881278539;8.798540093711468;8.350957978986402;0.19;3343.223394303798;4920.829656780736;0.0446005509641873;"{Featureless spectra"":""Detection""}"""
TOI-764.01;2.2949373662998;3.0040067767857;5.6316663;0.09614;477.98;6632.0;2.78212;1871.3755219;10.17403881278539;8.798540093711468;8.350957978986402;1.15;3343.223394303798;4920.829656780736;0.0446005509641873;[]
TOI-776 b;0.01466;0.1633;8.24664;0.0652;27.19;3709.0;0.538;513.0;11.5;8.483;7.615;1.26;58.9723;2.9218;0.0446005509641873;"{Featureless spectra"":""Detection""}"""
TOI-824 b;0.058104;0.26104;1.392978;0.02177;63.71;4616.0;0.68;1253.0;11.1;9.145001;8.432;1.28;69.5918;23.3768;0.1115013774104683;[]
TOI-836 b;0.01425;0.15202;3.81673;0.0422;27.504;4552.0;0.665;871.0;9.9;7.58;6.804;1.26;82.439;8.4202;0.0446005509641873;"{Featureless spectra"":""Detection""}""; {He"":""Upper limit""}"""
TOI-836 c;0.0302;0.2308;8.27095205;0.075;27.504;4552.0;0.665;665.0;9.9;7.58;6.804;1.26;103.9321;9.7357;0.0446005509641873;"{Featureless spectra"":""Detection""}""; {He"":""Detection""}"""
TOI-910.01;0.0021833028452013;0.082959571428571;2.0290882;0.09614;12.4814;3194.0;0.287497;552.8129815;10.17403881278539;8.798540093711468;8.350957978986402;0.19;3343.223394303798;4920.829656780736;0.0446005509641873;"{Featureless spectra"":""Detection""}"""
TOI-942 c;2.501;0.5166;8.27095205;0.0847;153.2732;4969.0;0.893;778.01232332375;12.0;10.231;9.639;1.15;2.4583;10.0088;0.0446005509641873;"{H"":""Detection""}"""
TRAPPIST-1 b;0.0027;0.09689;1.51087081;0.01111;12.1;2560.0;0.117;503.0;18.798;11.354;10.296;0.19;55.7344;9.7187;0.0446005509641873;"[]; {He"":""No detection""}""; {CO2"":""No detection""}""; {Featureless spectra"":""Detection""}"""
TRAPPIST-1 c;0.00434;0.09421;2.4218233;0.01521;12.1;2560.0;0.117;341.9;18.798;11.354;10.296;0.19;21.6662;1.7484;0.0446005509641873;"{Featureless spectra"":""Detection""}""; []"
TRAPPIST-1 e;0.002;0.0819;6.099615;0.02817;12.1;2560.0;0.117;251.3;18.798;11.354;10.296;0.19;22.7037;0.209;0.0;"{He"":""Theoretical prediction""}"""
TRAPPIST-1 f;0.0021;0.09323;8.27095205;0.0371;12.1;2560.0;0.117;219.0;18.798;11.354;10.296;0.19;27.7955;0.0972;0.0;"{He"":""No detection""}"""
TRAPPIST-1 g;0.00422;0.1005;8.27095205;0.0451;12.1;2560.0;0.117;198.6;18.798;11.354;10.296;0.19;15.7126;0.0499;0.0446005509641873;"{Featureless spectra"":""Detection""}"""
TRAPPIST-1 h;0.001041;0.0674;8.27095205;0.063;12.1;2560.0;0.117;168.0;18.798;11.354;10.296;0.19;16.2525;0.0045;0.0;"{Featureless spectra"":""Upper limit""}""; {Featureless spectra"":""Detection""}"""
TYC 8998-760-1 b;4.22;3.0;8.27095205;0.09614;94.6;4573.0;1.152609202947846;1727.0;11.13;9.072;8.392;1.15;3343.223394303798;4920.829656780736;0.0;"{Isotopic fractions"":""Detection""}"""
TrES-1 b;0.761;1.099;3.0300722;0.0393;157.0;5230.0;0.85;1172.8658238635;11.79;10.294;9.819;1.15;125.7236;106.2879;0.0446005509641873;[]
TrES-2 A b;1.253;1.189;2.4706133738;0.03555;220.0;5850.0;1.0;1455.0;11.41;8.798540093711468;8.350957978986402;1.15;3343.223394303798;4920.829656780736;0.0446005509641873;"{Featureless spectra"":""Detection""}"""
TrES-3 b;1.91;1.305;1.30618608;0.0226;231.337;5720.0;0.813;1654.3238733504;12.4;11.015;10.608;1.15;92.776;187.5688;0.1115013774104683;[]
TrES-4 b;0.917;1.706;3.5539268;0.05084;477.98;6200.0;1.798;1777.940476941;11.592;10.583;10.33;1.15;115.7454;76.0378;0.0446005509641873;"{Featureless spectra"":""Detection""}"""
V 1298 Tau b;2.2;0.8217;8.27095205;0.09614;108.5;4970.0;1.305;677.0;10.1;8.798540093711468;8.350957978986402;1.15;3343.223394303798;4920.829656780736;0.0446005509641873;"{He"":""No detection""}""; {H2O"":""Detection""}"""
V 1298 Tau c;0.087237011804855;0.4389;8.2479;0.0825;108.5;4970.0;1.305;968.0;10.1;8.798540093711468;8.350957978986402;1.15;3343.223394303798;4920.829656780736;0.0446005509641873;"{He"":""No detection""}""; {H"":""No detection""}""; {H"":""Upper limit""}""; {He"":""Upper limit""}""; {C+"":""Upper limit"",""Si+"":""Upper limit""}""; {Molecular ratios: C\/O, etc..."":""Detection""}"""
V 1298 Tau d;0.11813739227052;0.5246;8.27095205;0.09614;108.5;4970.0;1.305;845.0;10.1;8.798540093711468;8.350957978986402;1.15;3343.223394303798;4920.829656780736;0.0;"{He"":""Upper limit""}"""
VHS 1256-1257 b;4.22;1.25;8.27095205;0.09614;12.7;2620.0;1.152609202947846;1240.0;17.8;8.798540093711468;8.350957978986402;1.15;3343.223394303798;4920.829656780736;0.0446005509641873;"{CH4"":""Detection"",""Na"":""Detection"",""H2O"":""Detection"",""K"":""Detection"",""Si"":""Detection""}""; {Isotopic fractions"":""Detection"",""CO"":""Detection""}"""
WASP-10 b;3.16;1.08;3.0927616;0.0371;90.0;4675.0;0.783;1370.0;12.7;10.603;9.983;1.15;34.3067;170.9737;0.0446005509641873;"{Featureless spectra"":""Detection""}"""
WASP-100 b;2.03;1.69;2.849375;0.0457;364.411;6900.0;2.0;2710.0;10.8;9.928001;9.669;1.15;84.6586;133.3741;0.0;[]
WASP-101 b;0.5;1.36;3.5857076;0.0496;201.224;6400.0;1.29;1573.0;10.3;9.334;9.075;1.15;328.5444;132.3943;0.0446005509641873;"{Na"":""Upper limit"",""H"":""Upper limit""}""; {Cloudy"":""Detection""}""; {Cloudy"":""Detection"",""Featureless spectra"":""Detection""}"""
WASP-103 b;1.49;1.528;0.925542;0.01985;470.0;6110.0;1.436;2508.0;12.0;11.1;10.767;1.15;89.2073;131.993;0.0;"{H-"":""Detection"",""H2O"":""Detection"",""FeH"":""Detection"",""CO"":""Upper limit"",""CH4"":""Upper limit""}""; {Molecular ratios: C/O, etc..."":""Detection""}""; []; {H2O"":""Detection""}""; {VO"":""Detection"",""TiO"":""Detection""}""; {Na"":""Upper limit"",""TiO"":""Upper limit"",""H2O"":""Upper limit"",""HCN"":""Upper limit""}""; {Na"":""Upper limit"",""H"":""Upper limit""}"""
WASP-104 b;1.272;1.137;1.7554137;0.02918;143.0;5450.0;0.93;1516.0;11.12;10.36;9.882;1.15;87.242;139.3542;0.0;"{Rayleigh Scattering"":""Detection""}"""
WASP-105 b;1.8;0.96;7.87288;0.075;169.272;5070.0;0.9;900.0;12.1;10.456;9.935;1.15;22.5059;41.0021;0.0446005509641873;"{Na"":""Upper limit"",""H"":""Upper limit""}"""
WASP-106 b;1.925;1.085;8.27095205;0.0917;283.0;6000.0;1.85;1140.0;11.21;10.472;10.161;1.15;9.041;15.0342;0.0446005509641873;"{H2O"":""Upper limit""}"""
WASP-107 b;0.12;0.94;5.72149;0.055;64.7414;4430.0;0.66;739.9933284299;11.6;9.378;8.637;1.15;796.0498;97.3879;0.0446005509641873;"{He"":""Detection""}""; {H2O"":""Detection"",""CO2"":""Detection"",""CO"":""Detection"",""CH4"":""Detection"",""SO2"":""Detection"",""NH3"":""Detection"",""Molecular ratios: C\/O, etc..."":""Detection""}""; {Cloudy"":""Detection""}""; []; {SO2"":""Detection"",""CH4"":""No detection"",""Cloudy"":""Detection"",""H2O"":""Detection""}"""
WASP-111 b;1.85;1.442;2.310965;0.03914;210.0;6400.0;1.85;2140.0;10.3;8.798540093711468;8.350957978986402;1.15;3343.223394303798;4920.829656780736;0.0;[]
WASP-117 b;0.3;0.98;8.27095205;0.0714;157.963;6040.0;1.17;1179.0;10.15;9.143;8.78;1.15;203.8436;61.3378;0.0;"{H2O"":""Detection""}"""
WASP-12 b;1.47;1.9;1.09141937;0.02344;432.5;6360.0;1.657;2593.0;11.69;10.48;10.19;1.15;179.597;199.8144;0.0;"[]; {TiO"":""No detection""}""; {H2O"":""Detection""}""; {He"":""No detection""}""; {Mg+"":""Detection""}""; {Fe+"":""Detection""}""; {H"":""Detection"",""Na"":""Detection""}""; {Featureless spectra"":""Detection"",""He"":""Upper limit""}""; {CO2"":""Detection"",""H2O"":""Detection""}""; {H"":""No detection"",""Ca"":""Upper limit"",""Fe"":""Upper limit"",""Fe+"":""Upper limit"",""Cr"":""Upper limit"",""Mg"":""Upper limit"",""Ti"":""Upper limit"",""TiO"":""Upper limit"",""Ti+"":""Upper limit""}"""
WASP-120 b;4.22;1.515;3.6112706;0.0522;381.174;6450.0;1.93;1880.0;11.0;10.148;9.877;1.15;16.4713;66.7841;0.0446005509641873;"{Na"":""Upper limit"",""H"":""Upper limit""}"""
WASP-121 b;1.184;1.865;1.2749255;0.02544;270.0;6460.0;1.458;2358.2301174049;10.4;9.625;9.374;1.15;367.2434;311.5408;0.0446005509641873;"[]; {Atmospheric dynamics"":""Detection""}""; {He"":""Detection""}""; {Sc+"":""Detection""}""; {Ba+"":""Detection""}""; {Ca+"":""Detection"",""V+"":""Detection"",""Fe+"":""Detection"",""Ni+"":""Detection"",""Ti"":""No detection""}""; {H"":""Detection"",""Fe+"":""Detection"",""Ca+"":""Detection""}""; {Na"":""Detection""}""; {H2O"":""Detection""}""; {TiO"":""Detection"",""VO"":""Detection"",""H2O"":""Detection""}""; {Fe"":""Detection"",""Cr"":""Detection"",""Mg"":""Detection"",""V"":""Detection""}""; {Mg"":""Detection"",""Na"":""Detection"",""Ca"":""Detection"",""Cr"":""Detection"",""Fe"":""Detection"",""Ni"":""Detection""}""; {Cr"":""Detection"",""Fe"":""Detection"",""Fe+"":""Detection"",""V"":""Detection""}""; {CO"":""Detection"",""H2O"":""Detection""}""; {Molecular ratios: C\/O, etc..."":""Detection"",""Cloudy"":""Detection""}""; {Mg+"":""Detection"",""Fe+"":""Detection""}""; {H"":""Detection"",""Na"":""Detection"",""Fe"":""Detection""}""; {Na"":""Detection"",""H"":""Detection"",""K"":""Detection"",""Li"":""Detection"",""Ca+"":""Detection"",""Mg"":""Detection"",""Fe"":""Detection"",""Fe+"":""Detection"",""Cr"":""Detection""}""; {Fe"":""Detection""}""; {H2O"":""Detection"",""H-"":""Detection"",""VO"":""Detection"",""TiO"":""Detection""}""; {CO"":""Detection"",""H2O"":""Detection"",""Fe"":""Detection"",""Ni"":""Detection"",""Molecular ratios: C\/O, etc..."":""Detection""}""; {Molecular ratios: C\/O, etc..."":""Detection"",""H2O"":""Detection"",""CO"":""Detection"",""OH"":""Detection""}"""
WASP-122 b;1.401;1.792;1.7100567;0.03107;152.8699450231481;5730.0;1.567;1970.0;11.0;8.798540093711468;8.350957978986402;1.15;3343.223394303798;4920.829656780736;0.0;"[]; {Featureless spectra"":""Detection""}"""
WASP-124 b;0.6;1.24;3.37265;0.0499;433.0;6050.0;1.02;1400.0;12.7;11.65;11.31;1.15;101.6809;55.0733;0.0446005509641873;"{Featureless spectra"":""Detection""}"""
WASP-127 b;0.18;1.37;4.178062;0.052;159.507;5620.0;1.39;1401.120537294;10.15;9.092;8.641;1.15;800.0794;135.1116;0.0446005509641873;"{Na"":""Upper limit""}""; {CO"":""Detection"",""H2O"":""Detection""}""; {Rayleigh Scattering"":""Detection"",""Na"":""Upper limit""}""; {Na"":""Detection"",""K"":""Detection"",""Li"":""Detection"",""H2O"":""Upper limit""}""; {He"":""Upper limit""}""; {H2O"":""Detection"",""OH"":""Detection"",""CO"":""Upper limit"",""CO2"":""Upper limit""}""; {Na"":""No detection""}""; {H2O"":""Detection"",""FeH"":""Detection""}""; {H2O"":""Detection"",""CO"":""Detection"",""Molecular ratios: C\/O, etc..."":""Detection""}""; {H2O"":""Upper limit"",""Na"":""Detection"",""K"":""Upper limit"",""Li"":""Upper limit"",""H"":""Upper limit""}""; {Cloudy"":""Detection"",""Featureless spectra"":""Detection""}""; {Rayleigh Scattering"":""Detection""}"""
WASP-130 b;1.23;0.89;8.27095205;0.09614;180.0;5625.0;0.96;833.0;11.1;9.896;9.461;1.15;27.629;28.4427;0.0446005509641873;"{H2O"":""Upper limit""}"""
WASP-131 b;0.27;1.22;5.322023;0.0607;250.0;6030.0;1.53;1400.0;10.1;8.895001;8.573;1.15;340.1408;83.8906;0.0446005509641873;"{Na"":""Upper limit"",""H"":""Upper limit""}"""
WASP-14 b;4.22;1.281;2.2437661;0.036;160.0;6475.0;1.306;1880.5875899691;9.75;8.869;8.621;1.15;27.0207;185.1999;0.0;[]
WASP-140 b;2.44;1.44;2.2359835;0.0323;180.0;5260.0;0.87;1320.0;11.1;9.609;9.165;1.15;129.9066;291.286;0.0446005509641873;[]
WASP-15 b;0.542;1.428;3.7520656;0.0499;308.0;6300.0;1.477;1652.7759296065;10.9;9.956;9.693;1.15;211.172;92.5022;0.0446005509641873;"{H2O"":""Detection"",""CO2"":""Detection"",""CO"":""Detection"",""Molecular ratios: C\/O, etc..."":""Detection""}"""
WASP-156 b;0.1303;0.554;3.8361623;0.0451;140.0;4910.0;0.76;972.0;11.6;9.906;9.339;1.15;116.5794;31.0371;0.0446005509641873;"{Featureless spectra"":""Detection""}"""
WASP-166 b;0.102;0.6155;5.44354215;0.0668;113.0;6050.0;1.22;1270.0;9.36;8.35;8.032;1.15;212.0147;36.0367;0.0;"{CO2"":""Detection"",""H2O"":""Detection"",""Molecular ratios: C\/O, etc..."":""Detection""}""; {H2O"":""Upper limit""}""; {Na"":""Detection""}""; {Na"":""Upper limit""}"""
WASP-167 b;0.37;1.62;2.0219583;0.0365;381.0;7043.0;1.756;2329.0;10.5;9.929;9.76;1.15;455.8918;120.6862;0.1115013774104683;[]
WASP-17 b;0.486;1.991;3.735438;0.0515;405.908;6650.0;1.38;1659.9347966951;11.6;10.509;10.224;1.15;569.257;152.5962;0.0;"{H2O"":""Detection"",""AlO"":""Detection""}""; {Na"":""Detection"",""H2O"":""Detection""}""; {CO2"":""Detection"",""H2O"":""Detection"",""Na"":""No detection"",""K"":""No detection""}""; {K"":""Detection""}""; {SO2"":""Detection""}""; {H2O"":""Detection"",""Molecular ratios: C\/O, etc..."":""Detection"",""Eclipse mapping"":""Detection""}""; {H2O"":""Detection"",""Molecular ratios: C\/O, etc..."":""Detection""}""; {H2O"":""Detection"",""H-"":""Detection"",""K"":""Detection""}"""
WASP-172 b;0.47;1.57;5.477433;0.0694;477.98;6900.0;1.91;1740.0;11.0;10.312;10.13;1.15;172.9345;53.4575;0.0446005509641873;"{Fe"":""Detection"",""H"":""Detection"",""Na"":""Detection""}"""
WASP-177 b;0.508;1.58;3.071722;0.03957;178.0;5017.0;0.885;1142.0;11.6;10.654;10.163;1.15;425.8779;172.6559;0.0;"{He"":""Upper limit""}"""
WASP-178 b;1.41;1.94;3.3448285;0.0558;417.0;8640.0;1.801;2402.0;9.95;9.8;9.703;1.15;213.7616;140.1074;0.0446005509641873;"{Na"":""Detection"",""H"":""Detection"",""Fe"":""Detection"",""Fe+"":""Detection"",""Mg"":""Detection"",""Li"":""Upper limit""}""; {Molecular ratios: C\/O, etc..."":""Detection"",""H2O"":""Detection"",""CO"":""Detection"",""OH"":""Upper limit"",""Fe"":""Upper limit""}""; {Rayleigh Scattering"":""Detection""}""; []"
WASP-18 b;4.22;1.165;0.9414518;0.02047;100.0;6400.0;1.23;2069.0;9.3;8.409;8.131;1.15;21.931;253.2777;0.0446005509641873;"[]; {CO"":""Detection"",""H2O"":""Detection"",""OH"":""Detection""}""; {H2O"":""Detection""}""; {CO"":""Detection""}""; {H2O"":""Detection"",""H-"":""Detection""}"""
WASP-189 b;1.99;1.619;2.724033;0.05053;99.0;7996.0;2.33;3353.0;6.6;6.166;6.06;1.15;391.3877;532.2683;0.0446005509641873;"{TiO"":""Detection"",""Fe"":""Detection"",""Fe+"":""Detection"",""Ti"":""Detection"",""Ti+"":""Detection"",""Cr"":""Detection"",""Mg"":""Detection"",""V"":""Detection"",""Mn"":""Detection""}""; {He"":""Upper limit""}""; []; {Fe"":""Detection"",""Fe+"":""Detection"",""Ti"":""Detection"",""H"":""Upper limit"",""Ca"":""Upper limit""}""; {CO"":""Detection""}""; {Fe"":""Detection""}""; {H"":""Detection"",""Na"":""Detection"",""Mg"":""Detection"",""Ca"":""Detection"",""Ca+"":""Detection"",""Ti"":""Detection"",""Ti+"":""Detection"",""TiO"":""Detection"",""V"":""Detection"",""Cr"":""Detection"",""Mn"":""Detection"",""Fe"":""Detection"",""Fe+"":""Detection"",""Ni"":""Detection"",""Sr"":""Detection"",""Sr+"":""Detection"",""Ba+"":""Detection""}""; {Mg+"":""Detection""}""; {Ca+"":""Detection"",""Ba+"":""Detection"",""Na"":""Detection"",""H"":""Detection"",""Mg"":""Detection"",""Fe"":""Detection""}""; {CO"":""Detection"",""Fe"":""Detection"",""Molecular ratios: C\/O, etc..."":""Detection""}"""
WASP-19 b;1.139;1.41;0.78884;0.016634;268.325;5500.0;1.004;2077.0;12.3;10.911;10.481;1.15;169.4731;226.5936;0.0;"[]; {TiO"":""Detection""}""; {H2O"":""Detection"",""TiO"":""No detection""}""; {H2O"":""Detection""}""; {Featureless spectra"":""Detection"",""TiO"":""Upper limit""}""; {TiO"":""Detection"",""Fe"":""Upper limit"",""Na"":""Upper limit"",""Mg"":""Upper limit"",""Ca"":""Upper limit"",""H"":""Upper limit"",""K"":""Upper limit""}""; {TiO"":""No detection"",""Rayleigh Scattering"":""No detection""}"""
WASP-2 A b;0.847;1.079;2.15222144;0.03138;144.0;5150.0;0.834;1280.2572378257;11.98;8.798540093711468;8.350957978986402;1.15;3343.223394303798;4920.829656780736;0.0446005509641873;"{Featureless spectra"":""Detection""}"""
WASP-20 A b;0.313;1.459;4.8996285;0.06003;210.0;5950.0;1.392;1379.0;10.68;8.798540093711468;8.350957978986402;1.15;3343.223394303798;4920.829656780736;0.0446005509641873;"{H2O"":""Detection""}"""
WASP-21 b;0.3;1.21;4.3225126;0.052;230.0;5800.0;1.06;1262.7364280837;11.6;10.35;9.982;1.15;287.1665;78.133;0.0;"{Na"":""Detection"",""K"":""Upper limit""}""; {Na"":""Detection""}"""
WASP-24 b;1.071;1.3;2.3412127;0.03651;332.5;6075.0;1.147;1641.9333714818;11.3;10.457;10.148;1.15;105.455;106.4027;0.0446005509641873;[]
WASP-25 b;0.58;1.26;3.76483;0.0474;169.0;5750.0;0.95;1241.2919288521;11.9;10.596;10.174;1.15;183.2772;94.4937;0.0446005509641873;"{Featureless spectra"":""Detection""}"""
WASP-26 b;1.028;1.281;2.7566004;0.03985;250.0;5950.0;1.34;1663.7522548384;11.3;10.021;9.69;1.15;95.3963;97.8381;0.0446005509641873;[]
WASP-29 b;0.243;0.775;3.92271218;0.047;80.0;4800.0;0.846;981.99877257807;11.3;9.353;8.783;1.15;179.9977;66.5269;0.0;"{Featureless spectra"":""Detection""}"""
WASP-3 b;2.06;1.454;1.8468372;0.0313;223.0;6400.0;1.31;1996.5349086248;10.64;9.603;9.361;1.15;105.964;187.1871;0.1115013774104683;[]
WASP-31 b;0.478;1.537;3.405909;0.04657;400.0;6200.0;1.24;1542.7049326474;11.7;10.912;10.65;1.15;254.5841;89.0085;0.0446005509641873;"{CrH"":""Detection"",""H2O"":""Detection"",""K"":""Detection""}""; {CrH"":""Detection""}"""
WASP-32 b;3.6;1.18;2.71865;0.0394;275.994;6100.0;1.11;1561.2651602982;11.3;10.503;10.161;1.15;23.3223;85.2537;0.0446005509641873;"{Featureless spectra"":""Detection""}"""
WASP-33 b;2.8;1.603;1.21986967;0.02558;116.0;7400.0;1.444;2300.0;8.3;7.581;7.468;1.15;251.324;466.239;0.0;"{Ti"":""Detection"",""Ti+"":""Detection"",""V"":""Detection"",""Fe"":""Detection"",""Si"":""Detection"",""OH"":""Detection"",""V+"":""No detection"",""Fe+"":""No detection"",""Si+"":""No detection""}""; {OH"":""Detection"",""H2O"":""Detection""}""; {Si"":""Detection""}""; {CO"":""Detection"",""H2O"":""Detection"",""OH"":""Detection"",""Molecular ratios: C/O, etc..."":""Detection""}""; {Fe"":""Detection""}""; {CO"":""Detection""}""; {H"":""Detection""}""; {Ca+"":""Detection""}""; {H2O"":""Detection""}""; []; {TiO"":""Detection""}""; {AlO"":""Detection""}""; {TiO"":""No detection""}""; {H"":""Detection"",""Ca+"":""Detection"",""TiO"":""Upper limit"",""V"":""Upper limit"",""Ti"":""Upper limit"",""Ca"":""Upper limit"",""Fe+"":""Upper limit"",""FeH"":""Upper limit"",""Mg"":""Upper limit"",""Cr"":""Upper limit"",""Y"":""Upper limit"",""VO"":""Upper limit"",""AlO"":""Upper limit""}""; {H2O"":""Detection"",""H-"":""Detection"",""TiO"":""Detection""}""; {FeH"":""Upper limit""}""; {Fe"":""Detection"",""TiO"":""Detection""}"""
WASP-34 b;0.58;1.26;4.31768509;0.0545;120.0;5700.0;0.93;1252.0;10.4;9.172;8.792;1.15;371.638;191.2833;0.0;[]
WASP-36 b;2.279;1.269;1.5373653;0.02624;450.0;5881.0;0.943;1781.0;12.7;11.609;11.294;1.15;43.519;104.6405;0.1115013774104683;"{Featureless spectra"":""Detection""}""; []"
WASP-39 b;0.28;1.27;4.055259;0.0486;230.0;5400.0;0.895;1117.4306974117;12.11;10.663;10.202;1.15;382.3188;94.0098;0.0446005509641873;"{Na"":""Detection"",""H2O"":""Detection"",""CO2"":""Detection"",""CO"":""Detection"",""CH4"":""No detection""}""; {SO2"":""Detection"",""CO2"":""Detection"",""H2O"":""Detection"",""Molecular ratios: C/O, etc..."":""Detection""}""; {Molecular ratios: C/O, etc..."":""Detection"",""H2O"":""Detection"",""CH4"":""Upper limit""}""; {SO2"":""Detection""}""; {K"":""Detection"",""Cloudy"":""Detection"",""Molecular ratios: C/O, etc..."":""Detection"",""H2O"":""Detection""}""; {Na"":""Detection""}""; {H2O"":""Detection""}""; {CO"":""Detection""}""; {Na"":""No detection"",""K"":""No detection"",""Featureless spectra"":""Detection""}""; {He"":""Upper limit""}""; {SO2"":""Detection"",""H2O"":""Detection"",""Molecular ratios: C\/O, etc..."":""Detection""}""; {CO2"":""Detection"",""H2O"":""Detection""}""; {Na"":""Detection"",""K"":""Detection"",""H2O"":""Detection"",""CO"":""Detection"",""CO2"":""Detection"",""SO2"":""Detection""}""; {CO2"":""Detection""}"""
WASP-4 b;1.1974;1.3846;1.338231602;0.02312;300.0;5500.0;1.15;1870.4717347103;12.6;11.179;10.746;1.15;92.6163;125.8861;0.0446005509641873;"[]; {Featureless spectra"":""No detection""}""; {Featureless spectra"":""Detection""}"""
WASP-43 b;2.052;1.036;0.81347753;0.01526;86.7467;4520.0;0.667;1440.9786293295;12.4;9.995;9.267;1.15;89.4346;343.1503;0.0446005509641873;"[]; {CO"":""Detection"",""H2O"":""Detection"",""NH3"":""Detection"",""CH4"":""No detection"",""Molecular ratios: C\/O, etc..."":""Detection""}""; {H2O"":""Detection"",""AlO"":""Detection""}""; {Molecular ratios: C/O, etc..."":""Detection"",""CO"":""Detection"",""H2O"":""Detection"",""CH4"":""Upper limit""}""; {H2O"":""Detection""}""; {H2O"":""Detection"",""Cloudy"":""Detection""}""; {CO2"":""Detection"",""H2O"":""Detection""}""; {H2O"":""Detection"",""CO"":""Upper limit"",""CO2"":""Upper limit"",""CH4"":""Upper limit"",""Molecular ratios: C\/O, etc..."":""Upper limit""}"""
WASP-45 b;1.007;1.16;3.1260876;0.04054;211.196;5140.0;0.945;1153.0;12.0;10.753;10.294;1.15;71.9297;76.0457;0.0446005509641873;"{Featureless spectra"":""Detection""}"""
WASP-46 b;2.101;1.31;1.43037;0.02448;375.31;5620.0;0.917;1636.0;12.9;11.753;11.401;1.15;47.2096;103.3968;0.0446005509641873;"{Featureless spectra"":""Detection""}"""
WASP-47 d;0.04122;0.319;8.27095205;0.088;266.69;5552.0;1.14;963.59381128945;11.9;10.613;10.192;1.28;24.9149;2.6166;0.0446005509641873;"{He"":""Upper limit""}"""
WASP-48 b;0.98;1.67;2.143634;0.03444;454.144;5990.0;1.75;2058.9591505656;11.06;10.627;10.372;1.15;121.7007;98.2247;0.0446005509641873;"{He"":""No detection""}"""
WASP-49 A b;0.378;1.115;2.7817387;0.0378;170.0;5600.0;0.9;1317.6402016412;10.17403881278539;8.798540093711468;8.350957978986402;1.15;3343.223394303798;4920.829656780736;0.0446005509641873;"{Na"":""Detection""}""; {Na"":""No detection"",""Featureless spectra"":""Detection""}"""
WASP-5 b;1.637;1.171;1.6284246;0.02729;297.0;5700.0;1.084;1706.0;12.26;10.949;10.598;1.15;46.7671;90.0406;0.1115013774104683;[]
WASP-50 b;1.437;1.138;1.9550959;0.02913;230.0;5400.0;0.855;1394.84;11.6;10.401;9.969;1.15;82.7104;139.0452;0.1115013774104683;[]
WASP-52 b;0.46;1.27;1.74977083;0.0272;140.0;5000.0;0.79;1315.0;12.0;10.588;10.086;1.15;363.8505;189.7595;0.0;"{H2O"":""Detection"",""He"":""Detection"",""K"":""Upper limit""}""; {He"":""Upper limit""}""; {H2O"":""Detection""}""; {Na"":""Detection"",""K"":""Detection"",""H"":""Detection""}""; {He"":""Detection""}""; {He"":""No detection""}""; []"
WASP-57 b;0.8;1.1;2.8;0.03769;398.276;5600.0;0.93;1338.0;12.913;11.625;11.244;1.15;61.9122;54.3153;0.0446005509641873;"{Featureless spectra"":""Detection""}"""
WASP-6 b;0.503;1.224;3.361006;0.0421;307.0;5450.0;0.87;1194.6715890617;12.4;10.769;10.325;1.15;205.2978;98.3195;0.0;"{Na"":""Detection"",""K"":""Detection"",""H2O"":""Detection""}"""
WASP-62 b;0.58;1.39;4.41193811;0.0581;160.0;6230.0;1.28;1415.0;10.3;9.272;8.944;1.15;284.283;128.6339;0.0;"{H2O"":""Detection"",""FeH"":""Detection""}""; {Na"":""Detection""}"""
WASP-63 b;0.38;1.43;4.37809;0.0574;330.0;5550.0;1.88;1531.6143143633;11.2;9.818;9.393;1.15;184.3556;67.2729;0.0;"{H2O"":""Detection""}"""
WASP-67 b;0.42;1.4;4.61442;0.0517;225.0;5200.0;0.87;1028.6109740736;12.5;10.608;10.129;1.15;341.1501;110.5915;0.0446005509641873;"[]; {Featureless spectra"":""Upper limit""}"""
WASP-69 b;0.26;1.057;3.8681382;0.04525;50.0;4715.0;0.813;963.0;9.87;8.032;7.459;1.15;832.712;241.5899;0.0446005509641873;"{Na"":""Detection""}""; {Rayleigh Scattering"":""Detection""}""; {Na"":""Detection"",""Rayleigh Scattering"":""Detection"",""H"":""Upper limit"",""K"":""No detection""}""; {He"":""Detection""}""; {TiO"":""Detection""}""; {H2O"":""Detection""}""; {H2O"":""Detection"",""CO"":""Detection"",""CO2"":""Detection"",""Cloudy"":""Detection"",""Molecular ratios: C\/O, etc..."":""Detection""}""; {HCN"":""No detection"",""CO"":""Detection"",""CO2"":""No detection"",""CH4"":""Detection"",""NH3"":""Detection"",""H2O"":""Detection""}""; {FeH"":""Upper limit""}""; {Featureless spectra"":""Detection""}"""
WASP-7 b;0.96;1.33;4.9546416;0.0617;140.0;6400.0;1.432;1487.0;9.51;8.648;8.396;1.15;168.3863;127.8366;0.0446005509641873;"{Na"":""Detection""}"""
WASP-72 b;1.461;1.27;2.2167421;0.03708;434.754;6250.0;1.98;2202.2986104156;9.6;9.964;9.617;1.15;40.7103;65.9873;0.0;[]
WASP-74 b;0.826;1.248;2.13775138;0.03443;120.0;5970.0;1.64;1865.0;9.7;8.548;8.221;1.15;161.9022;145.4127;0.0;"{H2O"":""Upper limit"",""CH4"":""Upper limit"",""TiO"":""No detection"",""VO"":""No detection"",""Featureless spectra"":""Detection""}""; {TiO"":""No detection"",""Rayleigh Scattering"":""Detection"",""VO"":""No detection""}""; {Featureless spectra"":""Detection""}""; []; {H2O"":""Detection"",""CH4"":""Detection""}"""
WASP-76 b;0.92;1.83;1.809886;0.033;195.3;6250.0;1.73;2190.0;9.5;8.541;8.243;1.15;485.1939;335.1729;0.0;"{Na"":""Detection""}""; []; {Ba+"":""Detection""}""; {Ca+"":""Detection"",""He"":""Upper limit"",""Na"":""Upper limit"",""Li"":""Upper limit"",""H"":""Upper limit"",""K"":""Upper limit""}""; {Cloudy"":""Detection""}""; {Na"":""Detection"",""Ca+"":""Detection""}""; {Ca+"":""Detection"",""Na"":""Detection""}""; {Molecular ratios: C\/O, etc..."":""Detection"",""Fe"":""Detection"",""Mg"":""Detection"",""VO"":""Detection""}""; {OH"":""Detection""}""; {CO"":""Detection""}""; {V"":""Detection"",""Cr"":""Detection"",""Sr"":""Detection"",""Co+"":""Detection""}""; {TiO"":""Detection"",""VO"":""Upper limit"",""H2O"":""Detection""}""; {Fe+"":""Detection""}""; {Li"":""Detection"",""Na"":""Detection"",""Mg"":""Detection"",""Ca+"":""Detection"",""K"":""Detection"",""Fe"":""Detection"",""Ti"":""Upper limit"",""Cr"":""Upper limit"",""Ni"":""Upper limit"",""TiO"":""Upper limit"",""VO"":""Upper limit"",""ZrO"":""Upper limit""}""; {H2O"":""Detection""}""; {OH"":""Detection"",""H2O"":""Detection"",""Molecular ratios: C\/O, etc..."":""Detection""}""; {H2O"":""Detection"",""CO"":""Detection"",""OH"":""Detection"",""Molecular ratios: C\/O, etc..."":""Detection""}""; {HCN"":""Detection"",""H2O"":""Detection""}""; {Fe"":""Detection"",""Ca+"":""Detection"",""Cr"":""Detection"",""Li"":""Detection"",""Mg"":""Detection"",""Na"":""Detection"",""Mn"":""Detection"",""Sr"":""Detection"",""Ni"":""Detection"",""V"":""Detection""}""; {Fe"":""Detection"",""Na"":""Detection"",""Ca+"":""Detection"",""Cr"":""Detection"",""Li"":""Detection"",""H"":""Detection"",""V"":""Detection"",""VO"":""Detection"",""Mn"":""Detection"",""Ni"":""Detection"",""Mg"":""Detection"",""Ca"":""Detection"",""K"":""Detection"",""Ba+"":""Detection""}""; {He"":""Upper limit""}""; {Fe"":""Detection""}""; {Fe"":""Detection"",""Na"":""Detection"",""Ca+"":""Detection""}""; {Fe"":""Detection"",""Fe+"":""No detection""}""; {H2O"":""Detection"",""TiO"":""Detection""}""; {FeH"":""Upper limit""}"""
WASP-77 A b;1.76;1.21;1.3600309;0.024;105.166;5500.0;0.955;1715.0;11.29;8.766;8.405;1.15;169.863;357.695;0.0446005509641873;"{CO"":""Detection"",""H2O"":""Detection"",""C"":""Detection"",""O"":""Detection""}""; {Molecular ratios: C/O, etc..."":""Detection""}""; {H2O"":""Detection""}""; []; {CO"":""Detection"",""H2O"":""Detection"",""Molecular ratios: C\/O, etc..."":""Detection""}""; {H2O"":""Detection"",""TiO"":""Detection"",""CO2"":""Detection"",""CH4"":""Detection""}""; {H2O"":""Detection"",""CO"":""Detection"",""TiO"":""Detection"",""Molecular ratios: C\/O, etc..."":""Detection""}""; {Na"":""Upper limit"",""H"":""Upper limit""}""; {H"":""Upper limit"",""Ca+"":""Upper limit""}"""
WASP-79 b;0.835;1.58;3.66239094;0.05014;240.0;6600.0;1.64;1716.2;10.1;9.299;9.056;1.15;211.6231;123.989;0.0;"{Cloudy"":""Upper limit""}""; {Rayleigh Scattering"":""Detection""}""; {H2O"":""Detection"",""FeH"":""Detection""}""; {H2O"":""Detection"",""H-"":""Detection""}""; {H2O"":""Detection"",""H-"":""Upper limit""}""; {Na"":""Detection""}"""
WASP-8 b;2.244;1.038;8.158715;0.0801;87.0;5600.0;0.953;931.4331151689;9.9;8.501;8.086;1.15;51.8243;96.0951;0.0446005509641873;[]
WASP-80 b;0.554;0.952;3.0678504;0.0346;60.0;4145.0;0.63;825.0;11.881;9.218;8.351;1.15;235.9239;178.2755;0.0446005509641873;"{He"":""No detection""}""; {Na"":""Upper limit""}""; {H2O"":""Detection"",""Rayleigh Scattering"":""Detection""}""; {He"":""Upper limit""}""; []; {H2O"":""Detection"",""CH4"":""Detection"",""HCN"":""Detection"",""NH3"":""Detection""}""; {CH4"":""Detection""}"""
WASP-85 A b;1.265;1.24;2.6556777;0.039;141.887;6112.0;0.935;1452.0;11.2;9.275;8.733;1.15;177.7117;226.052;0.0446005509641873;"{H"":""Detection"",""Ca+"":""Detection"",""Li"":""Detection""}"""
WASP-88 b;0.56;1.7;4.954;0.06431;477.98;6431.0;2.08;1775.0;10.4;10.568;10.322;1.15;140.8732;54.1341;0.0;"{Featureless spectra"":""Detection""}"""
WASP-94 A b;0.452;1.72;3.9501907;0.055;211.211;6170.0;1.36;1604.0;10.1;9.159;8.874;1.15;731.0911;225.1945;0.0;"{Na"":""Upper limit""}""; {Na"":""Detection"",""Rayleigh Scattering"":""Detection""}"""
WASP-96 b;0.48;1.2;3.4252602;0.0453;352.464;5540.0;1.05;1285.0;12.2;11.267;10.914;1.15;119.0214;55.5744;0.0446005509641873;"{Molecular ratios: C/O, etc..."":""Detection"",""Rayleigh Scattering"":""Upper limit""}""; {H2O"":""Detection"",""CO2"":""Detection"",""K"":""Detection"",""Molecular ratios: C/O, etc..."":""Detection"",""Rayleigh Scattering"":""Detection""}""; {H2O"":""Detection"",""Na"":""Detection"",""O"":""Detection""}""; {Na"":""Detection"",""H2O"":""Detection""}"""
WASP-98 b;0.83;1.1;2.96264;0.036;281.742;5525.0;0.7;1180.0;13.0;11.691;11.284;1.15;90.1123;75.7933;0.0446005509641873;"{Featureless spectra"":""Detection""}"""
WD 1856+534 b;4.22;0.928;1.4079405;0.0204;24.754;4710.0;0.013;163.0;16.0;15.677;15.548;1.15;207.9044;2.0298;0.0;"{Featureless spectra"":""Detection""}"""
XO-1 b;0.9;1.184;3.9415128;0.0488;200.0;5750.0;0.928;1209.1087855507;11.3;9.939;9.527;1.15;135.388;112.1302;0.0;"{H2O"":""Detection""}""; []"
XO-2N b;0.62;0.973;2.615838;0.0369;149.0;5290.0;0.998;1326.6037317078;11.14;9.74;9.3;1.15;113.4031;95.1814;0.0446005509641873;"{K"":""Detection""}""; []; {H2O"":""Upper limit""}""; {Na"":""Detection""}"""
XO-3 b;4.22;1.217;3.1915239;0.0454;260.0;6781.0;1.49;1873.2356190675;9.8;9.01;8.79;1.15;10.3461;111.9769;0.0446005509641873;[]
XO-4 b;1.616;1.317;4.12473;0.05485;293.0;5700.0;1.55;1641.0;10.7;9.67;9.41;1.15;57.1425;90.4331;0.0446005509641873;[]
beta Pic b;4.22;1.65;8.27095205;0.09614;19.3;8052.0;1.8;165.30989481434;3.86;8.798540093711468;8.350957978986402;1.15;3343.223394303798;4920.829656780736;0.0446005509641873;"{H2O"":""Detection"",""SiO2"":""No detection""}""; {H2O"":""Detection"",""CO"":""Detection""}""; {CO"":""Detection"",""H2O"":""Detection"",""Molecular ratios: C/O, etc..."":""Detection""}"""
pi Men c;0.01142;0.16719;6.267852;0.06702;18.37;6037.0;1.1;1147.0;5.67;4.869;4.241;1.26;229.5163;15.4975;0.0;"{C+"":""Detection""}""; {H"":""No detection""}"""
tau Boo A b;4.22;1.06;3.31249;0.046;15.6;6309.0;1.331;1636.4551015556;4.5;8.798540093711468;8.350957978986402;1.15;3343.223394303798;4920.829656780736;0.0;"{He"":""Upper limit""}""; {H2O"":""Detection""}""; {CO"":""Detection""}""; {CO"":""Detection"",""H2O"":""Upper limit"",""Molecular ratios: C\/O, etc..."":""Detection""}""; {CO"":""Detection"",""H2O"":""Upper limit"",""CH4"":""Upper limit"",""CO2"":""Upper limit"",""HCN"":""Upper limit"",""TiO"":""Upper limit"",""NH3"":""Upper limit""}"""
ups And b;0.62;1.6296235737175;4.61711;0.059;13.47;6212.0;1.631;1574.946757955;4.09;3.175;2.859;1.15;4868.8475;2159.4555;0.0;"{CO"":""Upper limit"",""H2O"":""Detection"",""CH4"":""Upper limit""}"""
